x,x_err,y,y_err,flux,flux_err,image
61.40310251376938,0.018381006223506826,49.58984044407421,0.018376297660639727,11.8701058487967,0.1832704855460285,1
73.7503552842858,0.016142007856803996,66.01583409319832,0.01632722256799321,16.10080454884456,0.21633387871975146,2
51.829783325164456,0.0190699744435849,68.24179662271064,0.018976742156774185,14.733413323765303,0.2325990749837522,3
62.52078629550674,0.008989916282889074,73.45209648490915,0.008992517931932637,37.46910569760874,0.2834036208872658,4
